{
 
  "paris": {
    "lat_ne": "48.86471476180278",
    "lon_ne": "2.373046875",
    "lat_sw": "48.83579746243092",
    "lon_sw": "2.3291015625"
  },
  
  "newyork": {
    "lat_ne": "40.97989806962013",
    "lon_ne": "-81.5625",
    "lat_sw": "38.82259097617712",
    "lon_sw": "-82.5625"
  },
  
  "berlin": {
    "lat_ne": "52.3755991766591",
    "lon_ne": "13.7109375",
    "lat_sw": "52.26815737376817",
    "lon_sw": "13.53515625"
  },
  
  "london": {
    "lat_ne": "51.609865",
    "lon_ne": "-0.1177",
    "lat_sw": "51.499865",
    "lon_sw": "-.1277"
  }

}